method,precision@10,precision@20,time_s
ppr,0.126,0.08249999999999998,57.9
pagerank,0.001,0.001,0.7
common_neighbours,0.10899999999999999,0.06649999999999999,1.2
jaccard,0.11299999999999999,0.067,1.7
adamic_adar,0.11500000000000002,0.0695,1.3
