method,precision@10,precision@20,roc_auc,avg_precision,time_s
ppr,0.126,0.08249999999999998,0.9590193163670486,0.3849345860873099,57.1
pagerank,0.001,0.001,0.6075994818045072,0.0026909673782769305,1.0
common_neighbours,0.10899999999999999,0.06649999999999999,0.8331396782509677,0.2566957983485835,1.6
jaccard,0.11299999999999999,0.067,0.8331648187789663,0.26852965102588267,1.9
adamic_adar,0.11500000000000002,0.0695,0.8336676606082642,0.3219334692397109,1.7
