method,precision@10,precision@20,time_s
ppr,0.129,0.08149999999999999,80.2
pagerank,0.001,0.001,2.0
common_neighbours,0.10899999999999999,0.06649999999999999,2.4
jaccard,0.11299999999999999,0.067,2.2
adamic_adar,0.117,0.0695,2.2
