method,precision@10,precision@20,time_s
ppr,0.13,0.08199999999999999,73.9
pagerank,0.001,0.001,1.0
common_neighbours,0.10899999999999999,0.06649999999999999,1.8
jaccard,0.11299999999999999,0.067,2.4
adamic_adar,0.117,0.07,2.1
